{
    "Version": "2012-10-17",
    "Statement": [
        {
            "Action": [
                "logs:PutLogEvents",
                "logs:CreateLogStream",
                "logs:CreateLogGroup",
                "logs:DescribeLogStreams",
                "cloudwatch:PutMetricData",
                "ec2:CreateNetworkInterface",
                "ec2:DescribeNetworkInterfaces",
                "ec2:DeleteNetworkInterface",
                "lambda:*"
            ],
            "Resource": "*",
            "Effect": "Allow"
        }
    ]
}